Workbook

Sheet 거래처
A1: 거래처ID | B1: 회사명 | C1: 산업분류 | D1: 대표자 | E1: 설립연도 | F1: 직원수 | G1: 연매출(억원) | H1: 등급 | I1: 지역 | J1: 주소 | K1: 대표전화 | L1: 웹사이트 | M1: 등록일
A2: ACC-001 | B2: (주)테크노바 | C2: 소프트웨어 | D2: 김정훈 | E2: 2015 | F2: 120 | G2: 85 | H2: A | I2: 서울 | J2: 서울시 강남구 테헤란로 152 | K2: 02-555-1234 | L2: www.technova.co.kr | M2: 2023-01-15
A3: ACC-002 | B3: 스마트솔루션즈 | C3: IT서비스 | D3: 이미영 | E3: 2018 | F3: 45 | G3: 32 | H3: B | I3: 경기 | J3: 경기도 성남시 분당구 판교로 256 | K3: 031-777-5678 | L3: www.smartsol.kr | M3: 2023-02-20
A4: ACC-003 | B4: 한국제조공업(주) | C4: 제조업 | D4: 박성민 | E4: 2005 | F4: 350 | G4: 420 | H4: S | I4: 인천 | J4: 인천시 남동구 논현로 89 | K4: 032-888-9012 | L4: www.hkmanuf.co.kr | M4: 2022-11-05
A5: ACC-004 | B5: 글로벌트레이딩 | C5: 무역/유통 | D5: 최영수 | E5: 2012 | F5: 80 | G5: 150 | H5: A | I5: 부산 | J5: 부산시 해운대구 센텀동로 55 | K5: 051-333-4567 | L5: www.globaltrd.com | M5: 2023-03-10
A6: ACC-005 | B6: 메디플러스(주) | C6: 헬스케어 | D6: 정수연 | E6: 2016 | F6: 95 | G6: 68 | H6: B | I6: 대전 | J6: 대전시 유성구 과학로 120 | K6: 042-222-7890 | L6: www.mediplus.co.kr | M6: 2023-04-01
A7: ACC-006 | B7: 에코그린에너지 | C7: 에너지/환경 | D7: 한동원 | E7: 2019 | F7: 35 | G7: 22 | H7: C | I7: 서울 | J7: 서울시 마포구 월드컵북로 396 | K7: 02-444-2345 | L7: www.ecogreen.kr | M7: 2023-05-18
A8: ACC-007 | B8: (주)파인테크 | C8: 반도체/전자 | D8: 오지현 | E8: 2010 | F8: 210 | G8: 280 | H8: S | I8: 경기 | J8: 경기도 화성시 동탄산단로 75 | K8: 031-999-6789 | L8: www.finetech.co.kr | M8: 2022-09-22
A9: ACC-008 | B9: 넥스트빌드건설 | C9: 건설/부동산 | D9: 윤태준 | E9: 2008 | F9: 180 | G9: 310 | H9: A | I9: 서울 | J9: 서울시 종로구 세종대로 167 | K9: 02-666-0123 | L9: www.nextbuild.co.kr | M9: 2023-06-07
A10: ACC-009 | B10: 데이터브릿지 | C10: AI/빅데이터 | D10: 강예린 | E10: 2020 | F10: 28 | G10: 15 | H10: C | I10: 서울 | J10: 서울시 서초구 반포대로 201 | K10: 02-111-3456 | L10: www.databridge.ai | M10: 2023-07-25
A11: ACC-010 | B11: (주)코리아푸드 | C11: 식품/F&B | D11: 임재혁 | E11: 2001 | F11: 500 | G11: 620 | H11: S | I11: 경기 | J11: 경기도 이천시 백사면 산단로 33 | K11: 031-888-7890 | L11: www.koreafood.co.kr | M11: 2022-08-14
A12: ACC-011 | B12: 블루오션물류 | C12: 물류/운송 | D12: 서민정 | E12: 2014 | F12: 150 | G12: 180 | H12: A | I12: 부산 | J12: 부산시 강서구 녹산산단로 410 | K12: 051-555-2345 | L12: www.blueocean.kr | M12: 2023-08-30
A13: ACC-012 | B13: 시큐어넷 | C13: 보안/네트워크 | D13: 장우진 | E13: 2017 | F13: 60 | G13: 45 | H13: B | I13: 서울 | J13: 서울시 영등포구 여의대로 108 | K13: 02-777-6789 | L13: www.securenet.co.kr | M13: 2023-09-12

Sheet 담당자
A1: 담당자ID | B1: 거래처ID | C1: 이름 | D1: 직책 | E1: 부서 | F1: 이메일 | G1: 휴대전화 | H1: 의사결정권한 | I1: 관계등급 | J1: 최근연락일
A2: CON-001 | B2: ACC-001 | C2: 김정훈 | D2: 대표이사 | E2: 경영진 | F2: jh.kim@technova.co.kr | G2: 010-1234-5678 | H2: 최종결정 | I2: ★★★★★ | J2: 2025-12-10
A3: CON-002 | B3: ACC-001 | C3: 박지은 | D3: 팀장 | E3: IT기획팀 | F3: je.park@technova.co.kr | G3: 010-2345-6789 | H3: 추천/검토 | I3: ★★★★ | J3: 2026-01-05
A4: CON-003 | B4: ACC-002 | C4: 이미영 | D4: 대표 | E4: 경영진 | F4: my.lee@smartsol.kr | G4: 010-3456-7890 | H4: 최종결정 | I4: ★★★★★ | J4: 2026-02-14
A5: CON-004 | B5: ACC-003 | C5: 박성민 | D5: 대표이사 | E5: 경영진 | F5: sm.park@hkmanuf.co.kr | G5: 010-4567-8901 | H5: 최종결정 | I5: ★★★ | J5: 2025-11-20
A6: CON-005 | B6: ACC-003 | C6: 유정호 | D6: 부장 | E6: 생산관리부 | F6: jh.yoo@hkmanuf.co.kr | G6: 010-5678-9012 | H6: 실무담당 | I6: ★★★★ | J6: 2026-03-01
A7: CON-006 | B7: ACC-004 | C7: 최영수 | D7: 대표 | E7: 경영진 | F7: ys.choi@globaltrd.com | G7: 010-6789-0123 | H7: 최종결정 | I7: ★★★★ | J7: 2026-01-18
A8: CON-007 | B8: ACC-005 | C8: 정수연 | D8: 대표 | E8: 경영진 | F8: sy.jung@mediplus.co.kr | G8: 010-7890-1234 | H8: 최종결정 | I8: ★★★ | J8: 2025-10-30
A9: CON-008 | B9: ACC-005 | C9: 김하늘 | D9: 과장 | E9: 구매팀 | F9: hn.kim@mediplus.co.kr | G9: 010-8901-2345 | H9: 실무담당 | I9: ★★★★ | J9: 2026-03-15
A10: CON-009 | B10: ACC-006 | C10: 한동원 | D10: 대표 | E10: 경영진 | F10: dw.han@ecogreen.kr | G10: 010-9012-3456 | H10: 최종결정 | I10: ★★ | J10: 2025-09-05
A11: CON-010 | B11: ACC-007 | C11: 오지현 | D11: 대표이사 | E11: 경영진 | F11: jh.oh@finetech.co.kr | G11: 010-0123-4567 | H11: 최종결정 | I11: ★★★★★ | J11: 2026-02-28
A12: CON-011 | B12: ACC-007 | C12: 송민수 | D12: 이사 | E12: 기술연구소 | F12: ms.song@finetech.co.kr | G12: 010-1111-2222 | H12: 추천/검토 | I12: ★★★★ | J12: 2026-03-20
... A19: CON-018 | B19: ACC-012 | C19: 민지아 | D19: 매니저 | E19: 기술영업팀 | F19: ja.min@securenet.co.kr | G19: 010-8888-9999 | H19: 추천/검토 | I19: ★★★★ | J19: 2026-03-25

Sheet 영업기회
A1: 기회ID | B1: 거래처ID | C1: 담당자ID | D1: 영업담당 | E1: 기회명 | F1: 제품/서비스 | G1: 예상매출(만원) | H1: 단계 | I1: 성공확률 | J1: 예상마감일 | K1: 생성일 | L1: 최종수정일 | M1: 비고
A2: OPP-001 | B2: ACC-001 | C2: CON-002 | D2: 김영호 | E2: ERP 시스템 도입 | F2: ERP 패키지 | G2: 45000 | H2: 제안/PT | I2: 0.6 | J2: 2026-06-30 | K2: 2025-11-01 | L2: 2026-03-15 | M2: 2차 데모 완료
A3: OPP-002 | B3: ACC-003 | C3: CON-005 | D3: 박서연 | E3: 스마트팩토리 구축 | F3: MES+IoT 솔루션 | G3: 120000 | H3: 협상 | I3: 0.8 | J3: 2026-05-15 | K3: 2025-08-20 | L3: 2026-03-28 | M3: 최종가격 조율 중
A4: OPP-003 | B4: ACC-004 | C4: CON-006 | D4: 이준혁 | E4: 물류 TMS 도입 | F4: TMS 클라우드 | G4: 28000 | H4: 초기접촉 | I4: 0.2 | J4: 2026-09-30 | K4: 2026-02-10 | L4: 2026-03-10 | M4: RFP 검토 중
A5: OPP-004 | B5: ACC-005 | C5: CON-008 | D5: 김영호 | E5: 전자의무기록 연동 | F5: EMR 인터페이스 | G5: 15000 | H5: 니즈파악 | I5: 0.3 | J5: 2026-08-31 | K5: 2026-01-15 | L5: 2026-03-20 | M5: 요구사항 정의 단계
A6: OPP-005 | B6: ACC-007 | C6: CON-011 | D6: 최다은 | E6: 반도체 공정관리 SW | F6: SPC 솔루션 | G6: 85000 | H6: 제안/PT | I6: 0.5 | J6: 2026-07-31 | K6: 2025-10-05 | L6: 2026-03-25 | M6: 경쟁사 대비 기술 우위
A7: OPP-006 | B7: ACC-010 | C7: CON-015 | D7: 박서연 | E7: HACCP 통합관리 | F7: HACCP+QMS | G7: 35000 | H7: 협상 | I7: 0.75 | J7: 2026-04-30 | K7: 2025-09-12 | L7: 2026-04-01 | M7: 계약서 검토 중
A8: OPP-007 | B8: ACC-002 | C8: CON-003 | D8: 이준혁 | E8: HR 솔루션 교체 | F8: HRM 클라우드 | G8: 12000 | H8: 계약완료 | I8: 1 | J8: 2026-03-31 | K8: 2025-07-01 | L8: 2026-03-31 | M8: 계약 체결 완료
A9: OPP-008 | B9: ACC-008 | C9: CON-012 | D9: 최다은 | E9: 건설현장 안전관리 | F9: IoT 안전모니터링 | G9: 55000 | H9: 니즈파악 | I9: 0.25 | J9: 2026-10-31 | K9: 2026-03-01 | L9: 2026-03-18 | M9: 현장 방문 예정
A10: OPP-009 | B10: ACC-009 | C10: CON-013 | D10: 김영호 | E10: AI 데이터분석 플랫폼 | F10: AI Analytics | G10: 8000 | H10: 초기접촉 | I10: 0.15 | J10: 2026-12-31 | K10: 2026-03-20 | L10: 2026-04-02 | M10: 스타트업 예산 제한
A11: OPP-010 | B11: ACC-011 | C11: CON-016 | D11: 박서연 | E11: WMS 업그레이드 | F11: WMS 3.0 | G11: 42000 | H11: 제안/PT | I11: 0.55 | J11: 2026-06-15 | K11: 2025-12-10 | L11: 2026-03-30 | M11: POC 진행 중
A12: OPP-011 | B12: ACC-001 | C12: CON-001 | D12: 이준혁 | E12: 그룹웨어 전환 | F12: 클라우드 그룹웨어 | G12: 18000 | H12: 계약완료 | I12: 1 | J12: 2026-02-28 | K12: 2025-06-15 | L12: 2026-02-28 | M12: 구축 진행 중
A13: OPP-012 | B13: ACC-012 | C13: CON-018 | D13: 최다은 | E13: 보안관제 서비스 | F13: MDR 서비스 | G13: 22000 | H13: 니즈파악 | I13: 0.35 | J13: 2026-08-15 | K13: 2026-02-05 | L13: 2026-03-22 | M13: 보안감사 후 추진
... A15: OPP-014 | B15: ACC-006 | C15: CON-009 | D15: 박서연 | E15: 탄소배출 모니터링 | F15: ESG 플랫폼 | G15: 9500 | H15: 초기접촉 | I15: 0.1 | J15: 2026-11-30 | K15: 2026-03-15 | L15: 2026-04-05 | M15: 정부 지원사업 연계

Sheet 영업활동
A1: 활동ID | B1: 기회ID | C1: 거래처ID | D1: 영업담당 | E1: 활동유형 | F1: 활동일자 | G1: 소요시간(분) | H1: 내용요약 | I1: 다음단계 | J1: 후속일정
A2: ACT-001 | B2: OPP-001 | C2: ACC-001 | D2: 김영호 | E2: 미팅 | F2: 2025-11-15 | G2: 90 | H2: ERP 도입 니즈 청취 및 현황 파악 | I2: 요구사항 정리 후 제안서 작성 | J2: 2025-12-01
A3: ACT-002 | B3: OPP-001 | C3: ACC-001 | D3: 김영호 | E3: 제안서발송 | F3: 2025-12-10 | G3: 120 | H3: 맞춤 제안서 및 견적서 발송 | I3: 데모 시연 일정 조율 | J3: 2025-12-20
A4: ACT-003 | B4: OPP-001 | C4: ACC-001 | D4: 김영호 | E4: 데모시연 | F4: 2026-01-08 | G4: 180 | H4: 1차 데모 진행, 추가 커스터마이징 요청 | I4: 2차 데모 준비 | J4: 2026-02-05
A5: ACT-004 | B5: OPP-001 | C5: ACC-001 | D5: 김영호 | E5: 데모시연 | F5: 2026-02-12 | G5: 150 | H5: 2차 데모 완료, 긍정적 반응 | I5: 내부 검토 후 협상 진입 예정 | J5: 2026-03-01
A6: ACT-005 | B6: OPP-002 | C6: ACC-003 | D6: 박서연 | E6: 현장방문 | F6: 2025-09-05 | G6: 240 | H6: 생산현장 방문 및 공정분석 | I6: AS-IS 분석 보고서 작성 | J6: 2025-09-20
A7: ACT-006 | B7: OPP-002 | C7: ACC-003 | D7: 박서연 | E7: 제안서발송 | F7: 2025-10-15 | G7: 180 | H7: 스마트팩토리 구축 제안서 제출 | I7: PT 일정 확정 | J7: 2025-11-01
A8: ACT-007 | B8: OPP-002 | C8: ACC-003 | D8: 박서연 | E8: PT발표 | F8: 2025-11-10 | G8: 120 | H8: 경영진 대상 PT 진행 | I8: 가격 협상 돌입 | J8: 2025-12-01
A9: ACT-008 | B9: OPP-002 | C9: ACC-003 | D9: 박서연 | E9: 협상 | F9: 2026-01-20 | G9: 90 | H9: 1차 가격 협상, 분할 납품 제안 | I9: 최종 견적 조율 | J9: 2026-02-10
A10: ACT-009 | B10: OPP-002 | C10: ACC-003 | D10: 박서연 | E10: 협상 | F10: 2026-03-05 | G10: 60 | H10: 최종 가격 합의, 계약 조건 조율 중 | I10: 계약서 초안 전달 | J10: 2026-03-20
A11: ACT-010 | B11: OPP-003 | C11: ACC-004 | D11: 이준혁 | E11: 콜드콜 | F11: 2026-02-10 | G11: 15 | H11: 물류 시스템 니즈 확인, 관심 표명 | I11: 자료 발송 후 미팅 조율 | J11: 2026-02-20
A12: ACT-011 | B12: OPP-003 | C12: ACC-004 | D12: 이준혁 | E12: 이메일 | F12: 2026-02-18 | G12: 30 | H12: 회사소개서 및 사례집 발송 | I12: 미팅 일정 확인 | J12: 2026-03-05
A13: ACT-012 | B13: OPP-003 | C13: ACC-004 | D13: 이준혁 | E13: 미팅 | F13: 2026-03-10 | G13: 60 | H13: 1차 미팅, RFP 사전 논의 | I13: RFP 분석 후 제안 준비 | J13: 2026-04-01
... A21: ACT-020 | B21: OPP-010 | C21: ACC-011 | D21: 박서연 | E21: POC | F21: 2026-03-01 | G21: 480 | H21: WMS 3.0 POC 시작 (2주 예정) | I21: POC 결과 리포트 제출 | J21: 2026-03-15

Sheet 제품서비스
A1: 제품ID | B1: 제품/서비스명 | C1: 카테고리 | D1: 단가(만원) | E1: 라이선스유형 | F1: 설명
A2: PRD-001 | B2: ERP 패키지 | C2: ERP | D2: 3000 | E2: 영구 + 유지보수 | F2: 중견기업용 통합 ERP 솔루션
A3: PRD-002 | B3: MES+IoT 솔루션 | C3: 스마트팩토리 | D3: 5000 | E3: 프로젝트 | F3: 제조실행시스템 + IoT 센서 패키지
A4: PRD-003 | B4: TMS 클라우드 | C4: 물류 | D4: 200 | E4: 월 구독(SaaS) | F4: 운송관리 클라우드 서비스
A5: PRD-004 | B5: EMR 인터페이스 | C5: 의료 | D5: 800 | E5: 영구 + 유지보수 | F5: 전자의무기록 시스템 연동 모듈
A6: PRD-005 | B6: SPC 솔루션 | C6: 품질관리 | D6: 1500 | E6: 영구 + 유지보수 | F6: 통계적 공정관리 소프트웨어
A7: PRD-006 | B7: HACCP+QMS | C7: 식품안전 | D7: 1200 | E7: 연간 구독 | F7: HACCP 및 품질관리 통합 플랫폼
A8: PRD-007 | B8: HRM 클라우드 | C8: HR | D8: 150 | E8: 월 구독(SaaS) | F8: 인사관리 클라우드 서비스
A9: PRD-008 | B9: IoT 안전모니터링 | C9: 안전관리 | D9: 2000 | E9: 프로젝트 | F9: 건설현장 IoT 기반 안전관제
A10: PRD-009 | B10: AI Analytics | C10: AI/데이터 | D10: 500 | E10: 월 구독(SaaS) | F10: AI 기반 데이터 분석 플랫폼
A11: PRD-010 | B11: WMS 3.0 | C11: 물류 | D11: 1800 | E11: 영구 + 유지보수 | F11: 차세대 창고관리 시스템
A12: PRD-011 | B12: 클라우드 그룹웨어 | C12: 협업 | D12: 80 | E12: 월 구독(SaaS) | F12: 클라우드 기반 협업 플랫폼
A13: PRD-012 | B13: MDR 서비스 | C13: 보안 | D13: 300 | E13: 월 구독(SaaS) | F13: 관리형 탐지 및 대응 서비스
... A15: PRD-014 | B15: ESG 플랫폼 | C15: ESG | D15: 350 | E15: 연간 구독 | F15: 탄소배출 모니터링 및 ESG 리포팅

Sheet 파이프라인요약
A1: 영업 파이프라인 요약 (2026년 4월 기준)
A3: ■ 단계별 현황
A4: 단계 | B4: 건수 | C4: 예상매출합계(만원) | D4: 가중매출(만원) | E4: 평균성공률
A5: 초기접촉 | B5: 2 | C5: =SUMPRODUCT((영업기회!H2:H15="초기접촉")*영업기회!G2:G15) -> 45500 | D5: =C5*E5 -> 6825 | E5: =AVERAGEIF(영업기회!H2:H15,"초기접촉",영업기회!I2:I15) -> 0.15
A6: 니즈파악 | B6: 3 | C6: =SUMPRODUCT((영업기회!H2:H15="니즈파악")*영업기회!G2:G15) -> 92000 | D6: =C6*E6 -> 27600 | E6: =AVERAGEIF(영업기회!H2:H15,"니즈파악",영업기회!I2:I15) -> 0.3
A7: 제안/PT | B7: 3 | C7: =SUMPRODUCT((영업기회!H2:H15="제안/PT")*영업기회!G2:G15) -> 172000 | D7: =C7*E7 -> 94600 | E7: =AVERAGEIF(영업기회!H2:H15,"제안/PT",영업기회!I2:I15) -> 0.55
A8: 협상 | B8: 2 | C8: =SUMPRODUCT((영업기회!H2:H15="협상")*영업기회!G2:G15) -> 155000 | D8: =C8*E8 -> 120125 | E8: =AVERAGEIF(영업기회!H2:H15,"협상",영업기회!I2:I15) -> 0.775
A9: 계약완료 | B9: 2 | C9: =SUMPRODUCT((영업기회!H2:H15="계약완료")*영업기회!G2:G15) -> 30000 | D9: =C9*E9 -> 30000 | E9: =AVERAGEIF(영업기회!H2:H15,"계약완료",영업기회!I2:I15) -> 1
A10: 실주/보류 | B10: 1 | C10: =SUMPRODUCT((영업기회!H2:H15="실주/보류")*영업기회!G2:G15) -> 95000 | D10: =C10*E10 -> 0 | E10: =AVERAGEIF(영업기회!H2:H15,"실주/보류",영업기회!I2:I15) -> 0
A11: 합계 | B11: =SUM(B5:B10) -> 13 | C11: =SUM(C5:C10) -> 589500 | D11: =SUM(D5:D10) -> 279150
A13: ■ 영업담당별 현황
A14: 영업담당 | B14: 담당건수 | C14: 예상매출합계(만원) | D14: 계약완료건수
A15: 김영호 | B15: =COUNTIF(영업기회!D2:D15,"김영호") -> 4 | C15: =SUMIF(영업기회!D2:D15,"김영호",영업기회!G2:G15) -> 163000 | D15: =COUNTIFS(영업기회!D2:D15,"김영호",영업기회!H2:H15,"계약완료") -> 0
A16: 박서연 | B16: =COUNTIF(영업기회!D2:D15,"박서연") -> 4 | C16: =SUMIF(영업기회!D2:D15,"박서연",영업기회!G2:G15) -> 206500 | D16: =COUNTIFS(영업기회!D2:D15,"박서연",영업기회!H2:H15,"계약완료") -> 0
A17: 이준혁 | B17: =COUNTIF(영업기회!D2:D15,"이준혁") -> 3 | C17: =SUMIF(영업기회!D2:D15,"이준혁",영업기회!G2:G15) -> 58000 | D17: =COUNTIFS(영업기회!D2:D15,"이준혁",영업기회!H2:H15,"계약완료") -> 2
A18: 최다은 | B18: =COUNTIF(영업기회!D2:D15,"최다은") -> 3 | C18: =SUMIF(영업기회!D2:D15,"최다은",영업기회!G2:G15) -> 162000 | D18: =COUNTIFS(영업기회!D2:D15,"최다은",영업기회!H2:H15,"계약완료") -> 0
